city,year,month,temp_mean_c,temp_min_c,temp_max_c,rainy_days,rainy_day_frac
Bacău,2023,1,3.3161290322580643,-10.3,16.9,19,0.6129032258064516
Bacău,2023,2,2.2017857142857142,-13.4,16.4,16,0.5714285714285714
Bacău,2023,3,6.619354838709677,-3.8,23.0,9,0.2903225806451613
Bacău,2023,4,8.713333333333333,-0.4,18.9,22,0.7333333333333333
Bacău,2023,5,15.417741935483871,3.6,26.2,19,0.6129032258064516
Bacău,2023,6,19.978333333333335,8.3,31.9,17,0.5666666666666667
Bacău,2023,7,23.63225806451613,11.7,36.8,18,0.5806451612903226
Bacău,2023,8,24.0258064516129,12.6,36.4,11,0.3548387096774194
Bacău,2023,9,19.88,9.7,30.6,9,0.3
Bacău,2023,10,14.730645161290322,0.6,31.6,7,0.22580645161290322
Bacău,2023,11,7.155,-4.3,19.4,18,0.6
Bacău,2023,12,3.020967741935484,-8.1,15.6,10,0.3225806451612903
Bacău,2024,1,-0.65,-15.4,12.6,15,0.4838709677419355
Bacău,2024,2,7.253448275862069,-5.1,17.6,6,0.20689655172413793
Bacău,2024,3,7.514516129032257,-3.1,26.4,19,0.6129032258064516
Bacău,2024,4,13.976666666666667,3.1,30.1,12,0.4
Bacău,2024,5,15.893548387096773,5.0,28.1,11,0.3548387096774194
Bacău,2024,6,22.665000000000003,13.5,32.7,13,0.43333333333333335
Bacău,2024,7,25.061290322580643,13.5,37.8,13,0.41935483870967744
Bacău,2024,8,24.37258064516129,14.9,34.5,15,0.4838709677419355
Bacău,2024,9,18.858333333333334,8.4,31.3,13,0.43333333333333335
Bacău,2024,10,11.57258064516129,-0.5,24.0,9,0.2903225806451613
Bacău,2024,11,4.256666666666667,-3.9,20.0,10,0.3333333333333333
Bacău,2024,12,2.575806451612903,-3.1,12.7,17,0.5483870967741935
Bacău,2025,1,3.8451612903225807,-8.0,17.7,8,0.25806451612903225
Bacău,2025,2,-1.1160714285714286,-9.2,11.7,6,0.21428571428571427
Bacău,2025,3,8.290322580645162,-4.1,26.8,11,0.3548387096774194
Bacău,2025,4,10.953333333333335,-2.5,25.5,13,0.43333333333333335
Bacău,2025,5,14.001612903225807,2.0,29.6,23,0.7419354838709677
Bacău,2025,6,21.470000000000002,11.1,32.3,13,0.43333333333333335
Bacău,2025,7,23.14032258064516,13.5,35.0,15,0.4838709677419355
Bacău,2025,8,21.86935483870968,7.7,31.0,7,0.22580645161290322
Bacău,2025,9,17.948333333333334,2.6,31.7,10,0.3333333333333333
Bacău,2025,10,9.92,4.2,17.6,12,0.8
Brașov,2023,1,2.9274193548387095,-6.1,14.3,19,0.6129032258064516
Brașov,2023,2,-0.8892857142857142,-14.8,12.9,19,0.6785714285714286
Brașov,2023,3,4.91774193548387,-4.3,16.8,17,0.5483870967741935
Brașov,2023,4,7.11,-1.7,18.9,28,0.9333333333333333
Brașov,2023,5,13.098387096774195,1.5,23.0,21,0.6774193548387096
Brașov,2023,6,17.375,8.9,27.7,24,0.8
Brașov,2023,7,20.43064516129032,10.0,31.9,24,0.7741935483870968
Brașov,2023,8,21.27741935483871,9.7,33.2,15,0.4838709677419355
Brașov,2023,9,18.395,8.3,29.7,11,0.36666666666666664
Brașov,2023,10,12.824193548387097,-1.5,27.3,12,0.3870967741935484
Brașov,2023,11,5.326666666666666,-5.9,18.1,23,0.7666666666666667
Brașov,2023,12,2.588709677419355,-4.7,17.1,17,0.5483870967741935
Brașov,2024,1,-1.1983870967741934,-13.0,12.8,17,0.5483870967741935
Brașov,2024,2,5.348275862068966,-4.4,16.7,13,0.4482758620689655
Brașov,2024,3,6.716129032258064,-3.6,25.4,21,0.6774193548387096
Brașov,2024,4,11.691666666666666,-1.0,26.5,16,0.5333333333333333
Brașov,2024,5,13.270967741935483,3.0,24.4,19,0.6129032258064516
Brașov,2024,6,20.663333333333334,10.9,31.7,22,0.7333333333333333
Brașov,2024,7,22.22741935483871,11.7,34.7,14,0.45161290322580644
Brașov,2024,8,21.853225806451615,12.5,33.3,17,0.5483870967741935
Brașov,2024,9,16.158333333333335,5.6,28.2,13,0.43333333333333335
Brașov,2024,10,10.211290322580645,-2.3,22.9,10,0.3225806451612903
Brașov,2024,11,2.768333333333333,-10.2,13.8,11,0.36666666666666664
Brașov,2024,12,1.3548387096774193,-6.2,9.0,17,0.5483870967741935
Brașov,2025,1,1.1629032258064516,-12.2,15.2,9,0.2903225806451613
Brașov,2025,2,-1.9642857142857142,-18.3,13.0,9,0.32142857142857145
Brașov,2025,3,7.146774193548387,-6.6,22.7,18,0.5806451612903226
Brașov,2025,4,9.283333333333333,-3.7,25.5,20,0.6666666666666666
Brașov,2025,5,11.94032258064516,2.6,24.8,26,0.8387096774193549
Brașov,2025,6,19.901666666666664,9.4,31.9,14,0.4666666666666667
Brașov,2025,7,21.229032258064517,9.8,35.1,18,0.5806451612903226
Brașov,2025,8,19.67258064516129,6.5,31.1,14,0.45161290322580644
Brașov,2025,9,16.468333333333334,2.7,29.7,11,0.36666666666666664
Brașov,2025,10,8.12,2.2,13.9,14,0.9333333333333333
București,2023,1,4.909677419354838,-4.3,19.1,13,0.41935483870967744
București,2023,2,3.5767857142857147,-8.3,20.3,10,0.35714285714285715
București,2023,3,8.325806451612904,-3.4,21.5,14,0.45161290322580644
București,2023,4,10.79,0.4,20.9,23,0.7666666666666667
București,2023,5,16.451612903225808,5.4,27.1,18,0.5806451612903226
București,2023,6,21.511666666666667,12.1,32.6,15,0.5
București,2023,7,25.467741935483872,13.4,37.5,16,0.5161290322580645
București,2023,8,25.88064516129032,13.9,37.9,12,0.3870967741935484
București,2023,9,21.759999999999998,11.4,31.4,3,0.1
București,2023,10,16.362903225806452,4.3,28.2,9,0.2903225806451613
București,2023,11,8.471666666666668,-3.6,20.3,16,0.5333333333333333
București,2023,12,4.425806451612903,-2.7,16.5,12,0.3870967741935484
București,2024,1,1.3112903225806452,-9.3,13.5,10,0.3225806451612903
București,2024,2,8.191379310344827,-3.5,19.6,8,0.27586206896551724
București,2024,3,8.490322580645161,-1.6,25.7,13,0.41935483870967744
București,2024,4,14.963333333333333,4.9,27.7,16,0.5333333333333333
București,2024,5,16.24032258064516,7.0,27.8,19,0.6129032258064516
București,2024,6,25.2,15.8,36.1,10,0.3333333333333333
București,2024,7,27.39032258064516,17.3,38.8,10,0.3225806451612903
București,2024,8,26.593548387096774,15.9,35.9,10,0.3225806451612903
București,2024,9,20.551666666666666,10.2,33.9,13,0.43333333333333335
București,2024,10,13.912903225806453,1.5,27.2,7,0.22580645161290322
București,2024,11,5.368333333333334,-3.0,20.0,11,0.36666666666666664
București,2024,12,3.97258064516129,-2.1,14.4,17,0.5483870967741935
București,2025,1,4.424193548387097,-4.4,16.3,7,0.22580645161290322
București,2025,2,-1.9946428571428572,-16.8,10.7,7,0.25
București,2025,3,9.793548387096775,-3.0,23.8,17,0.5483870967741935
București,2025,4,12.15,-1.2,26.3,15,0.5
București,2025,5,16.230645161290322,6.0,29.5,24,0.7741935483870968
București,2025,6,23.995,13.0,37.1,8,0.26666666666666666
București,2025,7,26.848387096774193,15.3,40.4,10,0.3225806451612903
București,2025,8,24.86935483870968,13.2,36.5,8,0.25806451612903225
București,2025,9,20.44333333333333,9.0,35.4,7,0.23333333333333334
București,2025,10,11.476666666666667,5.3,19.1,13,0.8666666666666667
Cluj-Napoca,2023,1,3.425806451612903,-5.2,13.3,19,0.6129032258064516
Cluj-Napoca,2023,2,0.6124999999999999,-13.9,12.1,16,0.5714285714285714
Cluj-Napoca,2023,3,5.874193548387097,-3.9,18.7,15,0.4838709677419355
Cluj-Napoca,2023,4,8.378333333333334,-1.7,18.4,24,0.8
Cluj-Napoca,2023,5,14.94032258064516,4.0,24.3,20,0.6451612903225806
Cluj-Napoca,2023,6,18.581666666666667,9.0,29.1,27,0.9
Cluj-Napoca,2023,7,21.414516129032258,9.2,31.5,22,0.7096774193548387
Cluj-Napoca,2023,8,22.230645161290322,10.1,34.6,18,0.5806451612903226
Cluj-Napoca,2023,9,18.858333333333334,9.4,28.2,10,0.3333333333333333
Cluj-Napoca,2023,10,12.791935483870969,-0.3,26.1,12,0.3870967741935484
Cluj-Napoca,2023,11,5.401666666666667,-4.9,18.4,22,0.7333333333333333
Cluj-Napoca,2023,12,1.988709677419355,-5.1,14.5,12,0.3870967741935484
Cluj-Napoca,2024,1,0.3483870967741935,-8.1,11.5,19,0.6129032258064516
Cluj-Napoca,2024,2,6.356896551724137,-6.1,16.3,15,0.5172413793103449
Cluj-Napoca,2024,3,7.806451612903226,-3.4,25.2,18,0.5806451612903226
Cluj-Napoca,2024,4,12.486666666666668,-1.2,28.2,15,0.5
Cluj-Napoca,2024,5,15.625806451612904,4.6,25.3,19,0.6129032258064516
Cluj-Napoca,2024,6,21.466666666666665,11.6,33.9,19,0.6333333333333333
Cluj-Napoca,2024,7,23.269354838709678,12.9,36.0,16,0.5161290322580645
Cluj-Napoca,2024,8,23.529032258064515,13.3,34.8,15,0.4838709677419355
Cluj-Napoca,2024,9,18.108333333333334,7.2,31.1,12,0.4
Cluj-Napoca,2024,10,10.254838709677419,-1.1,22.3,9,0.2903225806451613
Cluj-Napoca,2024,11,3.11,-6.0,14.7,10,0.3333333333333333
Cluj-Napoca,2024,12,1.596774193548387,-4.3,9.6,16,0.5161290322580645
Cluj-Napoca,2025,1,1.6290322580645162,-8.3,14.2,12,0.3870967741935484
Cluj-Napoca,2025,2,-0.005357142857142806,-8.7,13.2,5,0.17857142857142858
Cluj-Napoca,2025,3,8.170967741935485,-3.6,21.0,17,0.5483870967741935
Cluj-Napoca,2025,4,10.851666666666667,-4.1,26.0,17,0.5666666666666667
Cluj-Napoca,2025,5,12.612903225806452,2.2,26.2,22,0.7096774193548387
Cluj-Napoca,2025,6,20.98,10.2,32.1,6,0.2
Cluj-Napoca,2025,7,21.708064516129035,11.3,36.0,17,0.5483870967741935
Cluj-Napoca,2025,8,20.853225806451615,5.8,33.4,11,0.3548387096774194
Cluj-Napoca,2025,9,17.535,3.9,29.7,15,0.5
Cluj-Napoca,2025,10,9.58,3.8,15.7,12,0.8
Constanța,2023,1,6.598387096774194,-4.4,18.1,16,0.5161290322580645
Constanța,2023,2,4.110714285714286,-7.6,19.2,12,0.42857142857142855
Constanța,2023,3,7.85,-0.9,19.9,17,0.5483870967741935
Constanța,2023,4,10.465,1.5,19.9,21,0.7
Constanța,2023,5,15.437096774193549,6.2,25.2,15,0.4838709677419355
Constanța,2023,6,20.551666666666666,12.9,28.9,14,0.4666666666666667
Constanța,2023,7,24.501612903225805,14.9,34.7,11,0.3548387096774194
Constanța,2023,8,24.919354838709676,14.1,34.6,9,0.2903225806451613
Constanța,2023,9,21.759999999999998,12.5,29.5,8,0.26666666666666666
Constanța,2023,10,17.95483870967742,3.9,32.5,5,0.16129032258064516
Constanța,2023,11,10.211666666666668,-3.7,23.2,20,0.6666666666666666
Constanța,2023,12,6.449999999999999,-1.1,19.9,9,0.2903225806451613
Constanța,2024,1,2.9983870967741937,-7.9,15.1,14,0.45161290322580644
Constanța,2024,2,8.870689655172415,-3.2,19.8,5,0.1724137931034483
Constanța,2024,3,8.30967741935484,-0.2,24.2,14,0.45161290322580644
Constanța,2024,4,15.43,6.6,29.7,14,0.4666666666666667
Constanța,2024,5,15.05967741935484,6.6,25.5,16,0.5161290322580645
Constanța,2024,6,23.165000000000003,15.5,32.9,5,0.16666666666666666
Constanța,2024,7,26.48709677419355,18.0,36.0,13,0.41935483870967744
Constanța,2024,8,24.830645161290324,16.6,33.7,10,0.3225806451612903
Constanța,2024,9,20.19,9.7,29.7,13,0.43333333333333335
Constanța,2024,10,13.78225806451613,2.5,27.6,7,0.22580645161290322
Constanța,2024,11,6.908333333333333,-3.8,19.6,11,0.36666666666666664
Constanța,2024,12,5.385483870967741,-3.7,16.1,17,0.5483870967741935
Constanța,2025,1,6.20483870967742,-3.9,18.8,5,0.16129032258064516
Constanța,2025,2,0.44821428571428573,-8.5,12.1,9,0.32142857142857145
Constanța,2025,3,10.29516129032258,-2.7,29.5,13,0.41935483870967744
Constanța,2025,4,10.323333333333332,-0.9,24.5,13,0.43333333333333335
Constanța,2025,5,15.119354838709677,5.3,24.8,23,0.7419354838709677
Constanța,2025,6,22.758333333333333,12.7,34.4,7,0.23333333333333334
Constanța,2025,7,25.287096774193547,16.6,36.3,5,0.16129032258064516
Constanța,2025,8,23.670967741935485,13.4,33.1,7,0.22580645161290322
Constanța,2025,9,19.796666666666667,9.9,31.8,8,0.26666666666666666
Constanța,2025,10,13.413333333333332,6.8,20.2,10,0.6666666666666666
Craiova,2023,1,4.809677419354839,-3.4,18.2,18,0.5806451612903226
Craiova,2023,2,3.0375,-14.8,19.3,8,0.2857142857142857
Craiova,2023,3,8.490322580645161,-1.9,19.7,17,0.5483870967741935
Craiova,2023,4,11.143333333333334,1.2,21.2,22,0.7333333333333333
Craiova,2023,5,16.862903225806452,6.8,26.6,24,0.7741935483870968
Craiova,2023,6,21.116666666666667,12.5,31.6,20,0.6666666666666666
Craiova,2023,7,25.779032258064515,13.7,36.8,11,0.3548387096774194
Craiova,2023,8,26.201612903225808,14.6,37.8,13,0.41935483870967744
Craiova,2023,9,22.346666666666668,12.5,33.3,10,0.3333333333333333
Craiova,2023,10,16.970967741935485,4.5,29.0,7,0.22580645161290322
Craiova,2023,11,8.788333333333332,-3.4,20.3,17,0.5666666666666667
Craiova,2023,12,4.895161290322581,-2.5,17.2,11,0.3548387096774194
Craiova,2024,1,2.267741935483871,-9.7,13.8,11,0.3548387096774194
Craiova,2024,2,8.99655172413793,-5.4,18.9,5,0.1724137931034483
Craiova,2024,3,10.046774193548387,-0.9,27.1,16,0.5161290322580645
Craiova,2024,4,15.794999999999998,3.8,30.9,15,0.5
Craiova,2024,5,17.293548387096774,7.8,27.5,23,0.7419354838709677
Craiova,2024,6,26.271666666666665,13.9,38.2,14,0.4666666666666667
Craiova,2024,7,28.42096774193548,15.1,39.7,8,0.25806451612903225
Craiova,2024,8,27.969354838709677,17.4,39.5,8,0.25806451612903225
Craiova,2024,9,20.996666666666666,8.6,34.5,9,0.3
Craiova,2024,10,14.2,1.4,25.7,5,0.16129032258064516
Craiova,2024,11,5.5216666666666665,-3.0,22.3,11,0.36666666666666664
Craiova,2024,12,4.387096774193548,-2.1,15.1,13,0.41935483870967744
Craiova,2025,1,4.020967741935484,-6.0,16.9,7,0.22580645161290322
Craiova,2025,2,0.5964285714285714,-7.3,14.2,8,0.2857142857142857
Craiova,2025,3,10.15967741935484,-6.6,22.5,15,0.4838709677419355
Craiova,2025,4,13.425,-1.6,26.2,16,0.5333333333333333
Craiova,2025,5,16.698387096774194,6.4,28.8,18,0.5806451612903226
Craiova,2025,6,25.668333333333333,14.9,38.3,7,0.23333333333333334
Craiova,2025,7,27.04032258064516,14.6,41.0,13,0.41935483870967744
Craiova,2025,8,25.34032258064516,12.9,38.9,6,0.1935483870967742
Craiova,2025,9,21.279999999999998,8.2,34.8,10,0.3333333333333333
Craiova,2025,10,11.79,4.9,19.4,9,0.6
Galați,2023,1,4.458064516129032,-8.0,17.5,17,0.5483870967741935
Galați,2023,2,1.2125000000000001,-16.8,16.3,13,0.4642857142857143
Galați,2023,3,7.82258064516129,-1.4,19.5,13,0.41935483870967744
Galați,2023,4,10.57,2.1,18.9,23,0.7666666666666667
Galați,2023,5,16.620967741935484,6.1,26.1,14,0.45161290322580644
Galați,2023,6,21.756666666666668,12.9,33.3,14,0.4666666666666667
Galați,2023,7,25.16290322580645,14.6,36.6,13,0.41935483870967744
Galați,2023,8,25.746774193548386,14.9,35.8,8,0.25806451612903225
Galați,2023,9,21.566666666666666,11.4,31.1,6,0.2
Galați,2023,10,16.830645161290324,4.1,30.8,4,0.12903225806451613
Galați,2023,11,8.413333333333334,-2.9,22.8,19,0.6333333333333333
Galați,2023,12,4.312903225806451,-3.3,16.2,12,0.3870967741935484
Galați,2024,1,1.435483870967742,-9.1,13.9,13,0.41935483870967744
Galați,2024,2,8.1,-4.4,19.5,5,0.1724137931034483
Galați,2024,3,8.458064516129031,0.0,26.3,10,0.3225806451612903
Galați,2024,4,16.041666666666668,5.5,30.3,14,0.4666666666666667
Galați,2024,5,17.12741935483871,7.3,28.5,8,0.25806451612903225
Galați,2024,6,24.98,16.5,35.2,10,0.3333333333333333
Galați,2024,7,27.570967741935487,17.0,39.7,9,0.2903225806451613
Galați,2024,8,26.103225806451615,17.9,35.6,8,0.25806451612903225
Galați,2024,9,20.30666666666667,10.2,33.2,14,0.4666666666666667
Galați,2024,10,12.89516129032258,1.1,25.5,6,0.1935483870967742
Galați,2024,11,5.7,-2.1,19.2,9,0.3
Galați,2024,12,4.206451612903226,-1.9,12.1,17,0.5483870967741935
Galați,2025,1,4.740322580645161,-4.2,15.2,7,0.22580645161290322
Galați,2025,2,-0.11428571428571425,-8.7,10.5,6,0.21428571428571427
Galați,2025,3,10.08548387096774,-1.9,23.5,16,0.5161290322580645
Galați,2025,4,12.051666666666668,-0.5,25.9,13,0.43333333333333335
Galați,2025,5,15.91451612903226,6.1,28.4,19,0.6129032258064516
Galați,2025,6,23.335,14.2,34.6,7,0.23333333333333334
Galați,2025,7,26.011290322580646,16.4,37.8,8,0.25806451612903225
Galați,2025,8,24.283870967741933,11.7,34.5,4,0.12903225806451613
Galați,2025,9,19.458333333333332,7.6,32.1,8,0.26666666666666666
Galați,2025,10,11.74,5.6,18.3,13,0.8666666666666667
Iași,2023,1,3.6887096774193546,-10.9,16.5,21,0.6774193548387096
Iași,2023,2,2.1839285714285714,-16.0,16.6,19,0.6785714285714286
Iași,2023,3,7.312903225806451,-3.6,23.3,12,0.3870967741935484
Iași,2023,4,8.745000000000001,-2.2,19.0,23,0.7666666666666667
Iași,2023,5,15.91451612903226,4.5,26.2,15,0.4838709677419355
Iași,2023,6,20.741666666666667,10.6,31.7,17,0.5666666666666667
Iași,2023,7,23.541935483870965,14.0,35.1,21,0.6774193548387096
Iași,2023,8,24.950000000000003,12.9,37.7,12,0.3870967741935484
Iași,2023,9,20.509999999999998,11.1,30.9,8,0.26666666666666666
Iași,2023,10,15.461290322580645,1.4,31.8,6,0.1935483870967742
Iași,2023,11,7.255,-4.3,19.2,20,0.6666666666666666
Iași,2023,12,3.366129032258064,-7.1,15.3,16,0.5161290322580645
Iași,2024,1,-0.65,-19.6,13.1,19,0.6129032258064516
Iași,2024,2,7.281034482758621,-6.2,18.2,14,0.4827586206896552
Iași,2024,3,7.504838709677419,-3.6,26.2,16,0.5161290322580645
Iași,2024,4,14.351666666666667,3.0,28.5,16,0.5333333333333333
Iași,2024,5,16.40806451612903,5.9,28.7,12,0.3870967741935484
Iași,2024,6,22.78166666666667,14.8,33.0,11,0.36666666666666664
Iași,2024,7,25.238709677419354,14.4,38.0,12,0.3870967741935484
Iași,2024,8,24.69677419354839,14.7,34.6,14,0.45161290322580644
Iași,2024,9,19.341666666666665,7.1,31.5,12,0.4
Iași,2024,10,11.817741935483872,-0.7,24.6,10,0.3225806451612903
Iași,2024,11,4.62,-2.5,19.0,11,0.36666666666666664
Iași,2024,12,3.2451612903225806,-5.2,13.3,16,0.5161290322580645
Iași,2025,1,4.696774193548387,-6.3,17.2,8,0.25806451612903225
Iași,2025,2,-0.9839285714285714,-9.1,11.2,8,0.2857142857142857
Iași,2025,3,9.435483870967742,-3.0,22.5,11,0.3548387096774194
Iași,2025,4,11.593333333333334,-2.3,25.6,12,0.4
Iași,2025,5,14.066129032258065,2.6,27.5,24,0.7741935483870968
Iași,2025,6,21.063333333333333,11.6,31.4,10,0.3333333333333333
Iași,2025,7,23.633870967741935,13.6,35.7,14,0.45161290322580644
Iași,2025,8,21.683870967741935,9.8,31.9,7,0.22580645161290322
Iași,2025,9,18.173333333333336,3.4,30.8,10,0.3333333333333333
Iași,2025,10,10.306666666666667,2.9,16.6,15,1.0
Oradea,2023,1,5.406451612903226,-3.4,14.5,19,0.6129032258064516
Oradea,2023,2,2.094642857142857,-12.1,14.6,14,0.5
Oradea,2023,3,7.712903225806452,-2.7,20.5,17,0.5483870967741935
Oradea,2023,4,9.59,-0.2,20.4,22,0.7333333333333333
Oradea,2023,5,16.62741935483871,5.9,25.8,22,0.7096774193548387
Oradea,2023,6,19.861666666666668,9.3,32.2,22,0.7333333333333333
Oradea,2023,7,23.633870967741935,13.8,33.9,18,0.5806451612903226
Oradea,2023,8,23.993548387096773,12.8,36.2,16,0.5161290322580645
Oradea,2023,9,20.916666666666668,12.0,30.5,10,0.3333333333333333
Oradea,2023,10,15.429032258064517,1.9,25.8,14,0.45161290322580644
Oradea,2023,11,7.128333333333333,-4.4,20.3,21,0.7
Oradea,2023,12,4.201612903225806,-4.9,17.1,14,0.45161290322580644
Oradea,2024,1,2.303225806451613,-6.0,12.4,19,0.6129032258064516
Oradea,2024,2,8.513793103448275,-2.4,19.6,18,0.6206896551724138
Oradea,2024,3,10.16451612903226,-0.6,25.1,17,0.5483870967741935
Oradea,2024,4,14.321666666666665,2.2,27.6,13,0.43333333333333335
Oradea,2024,5,17.796774193548387,7.6,26.5,20,0.6451612903225806
Oradea,2024,6,22.526666666666667,10.8,34.2,19,0.6333333333333333
Oradea,2024,7,25.070967741935487,12.5,37.2,11,0.3548387096774194
Oradea,2024,8,24.906451612903226,13.1,34.9,11,0.3548387096774194
Oradea,2024,9,19.470000000000002,8.1,33.0,12,0.4
Oradea,2024,10,12.416129032258064,1.6,23.3,9,0.2903225806451613
Oradea,2024,11,4.735,-2.4,15.1,9,0.3
Oradea,2024,12,2.8080645161290323,-4.2,10.3,13,0.41935483870967744
Oradea,2025,1,3.838709677419355,-4.4,17.3,16,0.5161290322580645
Oradea,2025,2,1.4821428571428572,-8.2,16.9,6,0.21428571428571427
Oradea,2025,3,9.258064516129032,-3.4,20.2,19,0.6129032258064516
Oradea,2025,4,13.126666666666667,-3.5,29.3,18,0.6
Oradea,2025,5,14.333870967741936,3.5,28.0,20,0.6451612903225806
Oradea,2025,6,23.068333333333335,10.9,34.9,5,0.16666666666666666
Oradea,2025,7,23.601612903225806,13.4,37.6,18,0.5806451612903226
Oradea,2025,8,23.253225806451614,10.2,36.5,8,0.25806451612903225
Oradea,2025,9,20.228333333333335,4.7,33.1,17,0.5666666666666667
Oradea,2025,10,10.483333333333333,3.8,17.3,8,0.5333333333333333
Ploiești,2023,1,4.306451612903226,-2.6,16.9,18,0.5806451612903226
Ploiești,2023,2,3.2410714285714284,-9.2,18.1,10,0.35714285714285715
Ploiești,2023,3,7.504838709677419,-3.2,20.8,12,0.3870967741935484
Ploiești,2023,4,10.238333333333333,1.3,19.4,26,0.8666666666666667
Ploiești,2023,5,16.25161290322581,5.1,26.4,19,0.6129032258064516
Ploiești,2023,6,20.878333333333334,11.8,32.0,17,0.5666666666666667
Ploiești,2023,7,24.511290322580646,11.9,35.1,16,0.5161290322580645
Ploiești,2023,8,24.76451612903226,12.8,35.0,15,0.4838709677419355
Ploiești,2023,9,21.43,11.5,31.2,7,0.23333333333333334
Ploiești,2023,10,16.03548387096774,3.7,29.5,6,0.1935483870967742
Ploiești,2023,11,7.973333333333333,-3.3,20.7,16,0.5333333333333333
Ploiești,2023,12,4.498387096774193,-3.5,17.1,10,0.3225806451612903
Ploiești,2024,1,1.3387096774193548,-9.4,13.7,10,0.3225806451612903
Ploiești,2024,2,7.620689655172414,-5.0,18.6,8,0.27586206896551724
Ploiești,2024,3,8.393548387096773,-0.5,26.2,16,0.5161290322580645
Ploiești,2024,4,14.928333333333335,3.5,29.2,16,0.5333333333333333
Ploiești,2024,5,16.224193548387095,6.6,27.0,21,0.6774193548387096
Ploiești,2024,6,24.875,14.6,37.7,15,0.5
Ploiești,2024,7,26.385483870967743,15.4,38.6,15,0.4838709677419355
Ploiești,2024,8,26.046774193548387,15.3,35.0,12,0.3870967741935484
Ploiești,2024,9,20.298333333333332,9.0,33.9,8,0.26666666666666666
Ploiești,2024,10,13.061290322580644,1.0,26.5,8,0.25806451612903225
Ploiești,2024,11,4.616666666666666,-3.9,20.4,9,0.3
Ploiești,2024,12,3.8774193548387097,-2.6,13.6,17,0.5483870967741935
Ploiești,2025,1,4.464516129032258,-7.9,17.5,7,0.22580645161290322
Ploiești,2025,2,-1.8928571428571428,-13.2,11.2,10,0.35714285714285715
Ploiești,2025,3,9.330645161290322,-4.2,24.1,17,0.5483870967741935
Ploiești,2025,4,11.62,-3.2,25.4,19,0.6333333333333333
Ploiești,2025,5,14.864516129032257,3.7,28.9,25,0.8064516129032258
Ploiești,2025,6,22.381666666666668,11.3,35.4,8,0.26666666666666666
Ploiești,2025,7,24.979032258064517,14.3,38.4,14,0.45161290322580644
Ploiești,2025,8,23.29516129032258,10.4,33.8,6,0.1935483870967742
Ploiești,2025,9,19.384999999999998,7.1,33.4,6,0.2
Ploiești,2025,10,11.47,5.5,19.1,12,0.8
Sibiu,2023,1,3.740322580645161,-4.7,14.1,19,0.6129032258064516
Sibiu,2023,2,1.0642857142857143,-16.4,14.1,19,0.6785714285714286
Sibiu,2023,3,6.087096774193548,-5.2,18.8,16,0.5161290322580645
Sibiu,2023,4,8.261666666666667,-1.1,19.1,24,0.8
Sibiu,2023,5,14.706451612903225,4.3,24.1,20,0.6451612903225806
Sibiu,2023,6,18.3,10.6,29.6,26,0.8666666666666667
Sibiu,2023,7,21.333870967741937,10.0,32.9,23,0.7419354838709677
Sibiu,2023,8,21.730645161290322,11.4,33.2,19,0.6129032258064516
Sibiu,2023,9,18.91166666666667,10.8,29.5,10,0.3333333333333333
Sibiu,2023,10,13.47258064516129,0.1,27.7,11,0.3548387096774194
Sibiu,2023,11,6.201666666666667,-4.8,18.3,22,0.7333333333333333
Sibiu,2023,12,3.1193548387096777,-5.0,16.4,12,0.3870967741935484
Sibiu,2024,1,0.75,-8.7,12.5,15,0.4838709677419355
Sibiu,2024,2,6.789655172413793,-5.4,17.9,9,0.3103448275862069
Sibiu,2024,3,8.33548387096774,-0.0,25.9,18,0.5806451612903226
Sibiu,2024,4,12.798333333333334,0.7,29.2,15,0.5
Sibiu,2024,5,14.904838709677419,5.5,24.6,20,0.6451612903225806
Sibiu,2024,6,21.60666666666667,12.3,33.0,20,0.6666666666666666
Sibiu,2024,7,23.379032258064516,12.0,35.5,16,0.5161290322580645
Sibiu,2024,8,22.9741935483871,12.8,35.3,15,0.4838709677419355
Sibiu,2024,9,17.48,7.1,29.5,10,0.3333333333333333
Sibiu,2024,10,11.39516129032258,0.3,23.5,11,0.3548387096774194
Sibiu,2024,11,3.68,-8.3,15.8,10,0.3333333333333333
Sibiu,2024,12,2.017741935483871,-4.6,11.3,12,0.3870967741935484
Sibiu,2025,1,1.9903225806451612,-8.8,15.5,7,0.22580645161290322
Sibiu,2025,2,0.32321428571428573,-9.5,13.7,10,0.35714285714285715
Sibiu,2025,3,7.862903225806452,-6.7,23.8,17,0.5483870967741935
Sibiu,2025,4,10.636666666666667,-4.0,25.4,18,0.6
Sibiu,2025,5,12.953225806451613,2.0,25.5,26,0.8387096774193549
Sibiu,2025,6,21.401666666666664,10.9,33.4,10,0.3333333333333333
Sibiu,2025,7,21.843548387096774,10.2,36.0,22,0.7096774193548387
Sibiu,2025,8,21.414516129032258,7.7,33.6,10,0.3225806451612903
Sibiu,2025,9,18.005,5.8,30.4,13,0.43333333333333335
Sibiu,2025,10,9.233333333333333,2.9,15.9,15,1.0
Timișoara,2023,1,5.283870967741936,-3.6,14.6,20,0.6451612903225806
Timișoara,2023,2,3.117857142857143,-7.2,16.5,12,0.42857142857142855
Timișoara,2023,3,7.958064516129033,-2.5,21.4,16,0.5161290322580645
Timișoara,2023,4,9.643333333333334,-0.4,20.7,23,0.7666666666666667
Timișoara,2023,5,16.76774193548387,7.7,25.7,27,0.8709677419354839
Timișoara,2023,6,19.915000000000003,10.7,32.5,23,0.7666666666666667
Timișoara,2023,7,24.65806451612903,13.6,36.7,19,0.6129032258064516
Timișoara,2023,8,24.11935483870968,11.8,36.5,16,0.5161290322580645
Timișoara,2023,9,21.0,10.4,31.5,11,0.36666666666666664
Timișoara,2023,10,15.996774193548386,1.5,26.6,13,0.41935483870967744
Timișoara,2023,11,7.671666666666667,-3.7,19.5,25,0.8333333333333334
Timișoara,2023,12,4.453225806451614,-5.9,18.3,15,0.4838709677419355
Timișoara,2024,1,2.167741935483871,-8.1,14.8,19,0.6129032258064516
Timișoara,2024,2,8.71551724137931,-4.1,19.1,14,0.4827586206896552
Timișoara,2024,3,10.167741935483871,-1.5,25.9,17,0.5483870967741935
Timișoara,2024,4,14.578333333333335,0.9,29.4,11,0.36666666666666664
Timișoara,2024,5,18.13225806451613,7.2,28.0,20,0.6451612903225806
Timișoara,2024,6,23.486666666666668,13.2,35.8,21,0.7
Timișoara,2024,7,26.19677419354839,13.4,39.4,11,0.3548387096774194
Timișoara,2024,8,26.79516129032258,15.1,38.3,9,0.2903225806451613
Timișoara,2024,9,19.65,7.6,33.9,12,0.4
Timișoara,2024,10,13.151612903225805,2.6,25.8,8,0.25806451612903225
Timișoara,2024,11,4.8966666666666665,-4.6,16.8,9,0.3
Timișoara,2024,12,3.140322580645161,-4.3,11.1,14,0.45161290322580644
Timișoara,2025,1,3.740322580645161,-6.9,18.2,11,0.3548387096774194
Timișoara,2025,2,1.7767857142857142,-8.0,15.4,5,0.17857142857142858
Timișoara,2025,3,9.764516129032257,-4.3,21.5,17,0.5483870967741935
Timișoara,2025,4,13.011666666666667,-3.9,28.1,18,0.6
Timișoara,2025,5,14.917741935483871,4.3,28.4,19,0.6129032258064516
Timișoara,2025,6,22.596666666666668,11.2,34.9,8,0.26666666666666666
Timișoara,2025,7,23.85,13.3,40.5,14,0.45161290322580644
Timișoara,2025,8,23.682258064516127,8.6,37.2,9,0.2903225806451613
Timișoara,2025,9,21.253333333333334,6.6,33.6,13,0.43333333333333335
Timișoara,2025,10,11.213333333333333,5.1,18.7,10,0.6666666666666666
